glyph_id,fingerprint,n_cells,cells,first_video,first_frame,first_time_s,r0c0,r0c1,r0c2,r0c3,r0c4,r0c5,r0c6,r0c7,r0c8,r1c0,r1c1,r1c2,r1c3,r1c4,r1c5,r1c6,r1c7,r1c8,r2c0,r2c1,r2c2,r2c3,r2c4,r2c5,r2c6,r2c7,r2c8,r3c0,r3c1,r3c2,r3c3,r3c4,r3c5,r3c6,r3c7,r3c8,r4c0,r4c1,r4c2,r4c3,r4c4,r4c5,r4c6,r4c7,r4c8,r5c0,r5c1,r5c2,r5c3,r5c4,r5c5,r5c6,r5c7,r5c8,r6c0,r6c1,r6c2,r6c3,r6c4,r6c5,r6c6,r6c7,r6c8,r7c0,r7c1,r7c2,r7c3,r7c4,r7c5,r7c6,r7c7,r7c8,r8c0,r8c1,r8c2,r8c3,r8c4,r8c5,r8c6,r8c7,r8c8
1,000100110100000101000010000000100000000100000000000000100000000001000010001000010,14,(0 3) (0 6) (0 7) (1 0) (1 6) (1 8) (2 4) (3 3) (4 3) (6 0) (7 2) (7 7) (8 2) (8 7),E6C2-N,880,29.3219,0,0,0,1,0,0,1,1,0,1,0,0,0,0,0,1,0,1,0,0,0,0,1,0,0,0,0,0,0,0,1,0,0,0,0,0,0,0,0,1,0,0,0,0,0,0,0,0,0,0,0,0,0,0,1,0,0,0,0,0,0,0,0,0,0,1,0,0,0,0,1,0,0,0,1,0,0,0,0,1,0
2,010000000010000100000000010000000000000010100000000000010000000000000000010000001,9,(0 1) (1 1) (1 6) (2 7) (4 4) (4 6) (6 1) (8 1) (8 8),E6C2-N,886,29.5218,0,1,0,0,0,0,0,0,0,0,1,0,0,0,0,1,0,0,0,0,0,0,0,0,0,1,0,0,0,0,0,0,0,0,0,0,0,0,0,0,1,0,1,0,0,0,0,0,0,0,0,0,0,0,0,1,0,0,0,0,0,0,0,0,0,0,0,0,0,0,0,0,0,1,0,0,0,0,0,0,1
3,000000000000000000010000010000000000000100000100101001010000000011000000000000001,11,(2 1) (2 7) (4 3) (5 0) (5 3) (5 5) (5 8) (6 1) (7 1) (7 2) (8 8),E6C2-N,892,29.7218,0,0,0,0,0,0,0,0,0,0,0,0,0,0,0,0,0,0,0,1,0,0,0,0,0,1,0,0,0,0,0,0,0,0,0,0,0,0,0,1,0,0,0,0,0,1,0,0,1,0,1,0,0,1,0,1,0,0,0,0,0,0,0,0,1,1,0,0,0,0,0,0,0,0,0,0,0,0,0,0,1
4,000001001000000010000000000000010000000000000000000000010010000001000001000100000,9,(0 5) (0 8) (1 7) (3 4) (6 1) (6 4) (7 2) (7 8) (8 3),E6C2-N,896,29.8551,0,0,0,0,0,1,0,0,1,0,0,0,0,0,0,0,1,0,0,0,0,0,0,0,0,0,0,0,0,0,0,1,0,0,0,0,0,0,0,0,0,0,0,0,0,0,0,0,0,0,0,0,0,0,0,1,0,0,1,0,0,0,0,0,0,1,0,0,0,0,0,1,0,0,0,1,0,0,0,0,0
5,100001000000000000000000000000000000000010000000000000010000000000000000000000000,4,(0 0) (0 5) (4 4) (6 1),E6C2-N,899,29.9551,1,0,0,0,0,1,0,0,0,0,0,0,0,0,0,0,0,0,0,0,0,0,0,0,0,0,0,0,0,0,0,0,0,0,0,0,0,0,0,0,1,0,0,0,0,0,0,0,0,0,0,0,0,0,0,1,0,0,0,0,0,0,0,0,0,0,0,0,0,0,0,0,0,0,0,0,0,0,0,0,0
6,000000000011000000000000000000000000000000100100001000010000000001000000010000000,8,(1 1) (1 2) (4 6) (5 0) (5 5) (6 1) (7 2) (8 1),E6C2-N,905,30.1551,0,0,0,0,0,0,0,0,0,0,1,1,0,0,0,0,0,0,0,0,0,0,0,0,0,0,0,0,0,0,0,0,0,0,0,0,0,0,0,0,0,0,1,0,0,1,0,0,0,0,1,0,0,0,0,1,0,0,0,0,0,0,0,0,0,1,0,0,0,0,0,0,0,1,0,0,0,0,0,0,0
7,001000001011000000100000000000000000000000000000000001010000000010000000000001000,9,(0 2) (0 8) (1 1) (1 2) (2 0) (5 8) (6 1) (7 1) (8 5),E6C2-N,911,30.3551,0,0,1,0,0,0,0,0,1,0,1,1,0,0,0,0,0,0,1,0,0,0,0,0,0,0,0,0,0,0,0,0,0,0,0,0,0,0,0,0,0,0,0,0,0,0,0,0,0,0,0,0,0,1,0,1,0,0,0,0,0,0,0,0,1,0,0,0,0,0,0,0,0,0,0,0,0,1,0,0,0
8,000001001101000000100010001000000001000001000000000000000000000000000000000000001,10,(0 5) (0 8) (1 0) (1 2) (2 0) (2 4) (2 8) (3 8) (4 5) (8 8),E6C2-N,917,30.5551,0,0,0,0,0,1,0,0,1,1,0,1,0,0,0,0,0,0,1,0,0,0,1,0,0,0,1,0,0,0,0,0,0,0,0,1,0,0,0,0,0,1,0,0,0,0,0,0,0,0,0,0,0,0,0,0,0,0,0,0,0,0,0,0,0,0,0,0,0,0,0,0,0,0,0,0,0,0,0,0,1
9,000000010000000001000000000000000000000000000000000000000000000010000000001001000,5,(0 7) (1 8) (7 1) (8 2) (8 5),E6C2-N,923,30.7551,0,0,0,0,0,0,0,1,0,0,0,0,0,0,0,0,0,1,0,0,0,0,0,0,0,0,0,0,0,0,0,0,0,0,0,0,0,0,0,0,0,0,0,0,0,0,0,0,0,0,0,0,0,0,0,0,0,0,0,0,0,0,0,0,1,0,0,0,0,0,0,0,0,0,1,0,0,1,0,0,0
10,000000000000000000010000010000000000000000000100000000000010001000000101001000000,8,(2 1) (2 7) (5 0) (6 4) (6 8) (7 6) (7 8) (8 2),E6C2-N,929,30.9551,0,0,0,0,0,0,0,0,0,0,0,0,0,0,0,0,0,0,0,1,0,0,0,0,0,1,0,0,0,0,0,0,0,0,0,0,0,0,0,0,0,0,0,0,0,1,0,0,0,0,0,0,0,0,0,0,0,0,1,0,0,0,1,0,0,0,0,0,0,1,0,1,0,0,1,0,0,0,0,0,0
11,100001000000000000000010000000000000000000000100010001000000000000000010100101000,10,(0 0) (0 5) (2 4) (5 0) (5 4) (5 8) (7 7) (8 0) (8 3) (8 5),E6C2-N,935,31.1551,1,0,0,0,0,1,0,0,0,0,0,0,0,0,0,0,0,0,0,0,0,0,1,0,0,0,0,0,0,0,0,0,0,0,0,0,0,0,0,0,0,0,0,0,0,1,0,0,0,1,0,0,0,1,0,0,0,0,0,0,0,0,0,0,0,0,0,0,0,0,1,0,1,0,0,1,0,1,0,0,0
12,010000001001000001000000010000000000000000000000000000000000001001000000000000010,8,(0 1) (0 8) (1 2) (1 8) (2 7) (6 8) (7 2) (8 7),E6C2-N,941,31.3551,0,1,0,0,0,0,0,0,1,0,0,1,0,0,0,0,0,1,0,0,0,0,0,0,0,1,0,0,0,0,0,0,0,0,0,0,0,0,0,0,0,0,0,0,0,0,0,0,0,0,0,0,0,0,0,0,0,0,0,0,0,0,1,0,0,1,0,0,0,0,0,0,0,0,0,0,0,0,0,1,0
13,001000000010000100010000001000010001000000000000000001000000010100000001100001101,15,(0 2) (1 1) (1 6) (2 1) (2 8) (3 4) (3 8) (5 8) (6 7) (7 0) (7 8) (8 0) (8 5) (8 6) (8 8),E6C2-N,947,31.5551,0,0,1,0,0,0,0,0,0,0,1,0,0,0,0,1,0,0,0,1,0,0,0,0,0,0,1,0,0,0,0,1,0,0,0,1,0,0,0,0,0,0,0,0,0,0,0,0,0,0,0,0,0,1,0,0,0,0,0,0,0,1,0,1,0,0,0,0,0,0,0,1,1,0,0,0,0,1,1,0,1
14,100000010000000000000000000000000000001010100000001000000000010100000001000001000,10,(0 0) (0 7) (4 2) (4 4) (4 6) (5 5) (6 7) (7 0) (7 8) (8 5),E6C2-N,953,31.7551,1,0,0,0,0,0,0,1,0,0,0,0,0,0,0,0,0,0,0,0,0,0,0,0,0,0,0,0,0,0,0,0,0,0,0,0,0,0,1,0,1,0,1,0,0,0,0,0,0,0,1,0,0,0,0,0,0,0,0,0,0,1,0,1,0,0,0,0,0,0,0,1,0,0,0,0,0,1,0,0,0
15,000001000110000100000000000100110000000101000000000000000000000000000010000000001,11,(0 5) (1 0) (1 1) (1 6) (3 0) (3 3) (3 4) (4 3) (4 5) (7 7) (8 8),E6C2-N,959,31.9551,0,0,0,0,0,1,0,0,0,1,1,0,0,0,0,1,0,0,0,0,0,0,0,0,0,0,0,1,0,0,1,1,0,0,0,0,0,0,0,1,0,1,0,0,0,0,0,0,0,0,0,0,0,0,0,0,0,0,0,0,0,0,0,0,0,0,0,0,0,0,1,0,0,0,0,0,0,0,0,0,1
16,001000001000000101000000011000100000000000100000000000000010010100000000000000010,12,(0 2) (0 8) (1 6) (1 8) (2 7) (2 8) (3 3) (4 6) (6 4) (6 7) (7 0) (8 7),E6C2-N,965,32.1551,0,0,1,0,0,0,0,0,1,0,0,0,0,0,0,1,0,1,0,0,0,0,0,0,0,1,1,0,0,0,1,0,0,0,0,0,0,0,0,0,0,0,1,0,0,0,0,0,0,0,0,0,0,0,0,0,0,0,1,0,0,1,0,1,0,0,0,0,0,0,0,0,0,0,0,0,0,0,0,1,0
17,000000000110000000000000000100001001000010000000100000100000000000000010000000000,9,(1 0) (1 1) (3 0) (3 5) (3 8) (4 4) (5 3) (6 0) (7 7),E6C2-N,971,32.3551,0,0,0,0,0,0,0,0,0,1,1,0,0,0,0,0,0,0,0,0,0,0,0,0,0,0,0,1,0,0,0,0,1,0,0,1,0,0,0,0,1,0,0,0,0,0,0,0,1,0,0,0,0,0,1,0,0,0,0,0,0,0,0,0,0,0,0,0,0,0,1,0,0,0,0,0,0,0,0,0,0
18,000000000000000100000000010000110000000001000000001001000000000100000000001000100,10,(1 6) (2 7) (3 3) (3 4) (4 5) (5 5) (5 8) (7 0) (8 2) (8 6),E6C2-N,977,32.5551,0,0,0,0,0,0,0,0,0,0,0,0,0,0,0,1,0,0,0,0,0,0,0,0,0,1,0,0,0,0,1,1,0,0,0,0,0,0,0,0,0,1,0,0,0,0,0,0,0,0,1,0,0,1,0,0,0,0,0,0,0,0,0,1,0,0,0,0,0,0,0,0,0,0,1,0,0,0,1,0,0
19,001001000000000000000000010000000000000000000000000001100000000101000000000101000,9,(0 2) (0 5) (2 7) (5 8) (6 0) (7 0) (7 2) (8 3) (8 5),E6C2-N,986,32.8551,0,0,1,0,0,1,0,0,0,0,0,0,0,0,0,0,0,0,0,0,0,0,0,0,0,1,0,0,0,0,0,0,0,0,0,0,0,0,0,0,0,0,0,0,0,0,0,0,0,0,0,0,0,1,1,0,0,0,0,0,0,0,0,1,0,1,0,0,0,0,0,0,0,0,0,1,0,1,0,0,0
20,000001000000000000000000000100000000000000000000011000010000010000000000000000000,6,(0 5) (3 0) (5 4) (5 5) (6 1) (6 7),E6C2-N,989,32.9551,0,0,0,0,0,1,0,0,0,0,0,0,0,0,0,0,0,0,0,0,0,0,0,0,0,0,0,1,0,0,0,0,0,0,0,0,0,0,0,0,0,0,0,0,0,0,0,0,0,1,1,0,0,0,0,1,0,0,0,0,0,1,0,0,0,0,0,0,0,0,0,0,0,0,0,0,0,0,0,0,0
21,001000000110000000110000000000000000000100000100000000000000000100000010000000100,10,(0 2) (1 0) (1 1) (2 0) (2 1) (4 3) (5 0) (7 0) (7 7) (8 6),E6C2-N,995,33.1551,0,0,1,0,0,0,0,0,0,1,1,0,0,0,0,0,0,0,1,1,0,0,0,0,0,0,0,0,0,0,0,0,0,0,0,0,0,0,0,1,0,0,0,0,0,1,0,0,0,0,0,0,0,0,0,0,0,0,0,0,0,0,0,1,0,0,0,0,0,0,1,0,0,0,0,0,0,0,1,0,0
22,000000000000000010000000000000010001000000000000100000110000000001000000000000100,8,(1 7) (3 4) (3 8) (5 3) (6 0) (6 1) (7 2) (8 6),E6C2-N,1001,33.3551,0,0,0,0,0,0,0,0,0,0,0,0,0,0,0,0,1,0,0,0,0,0,0,0,0,0,0,0,0,0,0,1,0,0,0,1,0,0,0,0,0,0,0,0,0,0,0,0,1,0,0,0,0,0,1,1,0,0,0,0,0,0,0,0,0,1,0,0,0,0,0,0,0,0,0,0,0,0,1,0,0
23,000000000001000001000000010000100001001001000000000000000000001001000000000000000,9,(1 2) (1 8) (2 7) (3 3) (3 8) (4 2) (4 5) (6 8) (7 2),E6C2-N,1007,33.5551,0,0,0,0,0,0,0,0,0,0,0,1,0,0,0,0,0,1,0,0,0,0,0,0,0,1,0,0,0,0,1,0,0,0,0,1,0,0,1,0,0,1,0,0,0,0,0,0,0,0,0,0,0,0,0,0,0,0,0,0,0,0,1,0,0,1,0,0,0,0,0,0,0,0,0,0,0,0,0,0,0
24,000000000000000001000000000000100000000000000000000000000000000000000010000000001,4,(1 8) (3 3) (7 7) (8 8),E6C2-N,1013,33.7551,0,0,0,0,0,0,0,0,0,0,0,0,0,0,0,0,0,1,0,0,0,0,0,0,0,0,0,0,0,0,1,0,0,0,0,0,0,0,0,0,0,0,0,0,0,0,0,0,0,0,0,0,0,0,0,0,0,0,0,0,0,0,0,0,0,0,0,0,0,0,1,0,0,0,0,0,0,0,0,0,1
25,001000000000000000100000010000010000000011000000000001000000001001000000001100100,12,(0 2) (2 0) (2 7) (3 4) (4 4) (4 5) (5 8) (6 8) (7 2) (8 2) (8 3) (8 6),E6C2-N,1019,33.9551,0,0,1,0,0,0,0,0,0,0,0,0,0,0,0,0,0,0,1,0,0,0,0,0,0,1,0,0,0,0,0,1,0,0,0,0,0,0,0,0,1,1,0,0,0,0,0,0,0,0,0,0,0,1,0,0,0,0,0,0,0,0,1,0,0,1,0,0,0,0,0,0,0,0,1,1,0,0,1,0,0
26,000000011000000000000000000000000000001100000000000000000000010101000001000000000,8,(0 7) (0 8) (4 2) (4 3) (6 7) (7 0) (7 2) (7 8),E6C2-N,1026,34.1884,0,0,0,0,0,0,0,1,1,0,0,0,0,0,0,0,0,0,0,0,0,0,0,0,0,0,0,0,0,0,0,0,0,0,0,0,0,0,1,1,0,0,0,0,0,0,0,0,0,0,0,0,0,0,0,0,0,0,0,0,0,1,0,1,0,1,0,0,0,0,0,1,0,0,0,0,0,0,0,0,0
27,101000000100000000010000000000000000000100100000000000110010010010000000001000000,12,(0 0) (0 2) (1 0) (2 1) (4 3) (4 6) (6 0) (6 1) (6 4) (6 7) (7 1) (8 2),E6C2-N,1031,34.3551,1,0,1,0,0,0,0,0,0,1,0,0,0,0,0,0,0,0,0,1,0,0,0,0,0,0,0,0,0,0,0,0,0,0,0,0,0,0,0,1,0,0,1,0,0,0,0,0,0,0,0,0,0,0,1,1,0,0,1,0,0,1,0,0,1,0,0,0,0,0,0,0,0,0,1,0,0,0,0,0,0
28,000000000000000100000000001100100000000000000000000000100000001000000000010000000,7,(1 6) (2 8) (3 0) (3 3) (6 0) (6 8) (8 1),E6C2-N,1037,34.5551,0,0,0,0,0,0,0,0,0,0,0,0,0,0,0,1,0,0,0,0,0,0,0,0,0,0,1,1,0,0,1,0,0,0,0,0,0,0,0,0,0,0,0,0,0,0,0,0,0,0,0,0,0,0,1,0,0,0,0,0,0,0,1,0,0,0,0,0,0,0,0,0,0,1,0,0,0,0,0,0,0
29,010000100100000000000000000000000000001000000000000000000010000001000000000000000,6,(0 1) (0 6) (1 0) (4 2) (6 4) (7 2),E6C2-N,1043,34.7551,0,1,0,0,0,0,1,0,0,1,0,0,0,0,0,0,0,0,0,0,0,0,0,0,0,0,0,0,0,0,0,0,0,0,0,0,0,0,1,0,0,0,0,0,0,0,0,0,0,0,0,0,0,0,0,0,0,0,1,0,0,0,0,0,0,1,0,0,0,0,0,0,0,0,0,0,0,0,0,0,0
30,000001000000000100010000000000100000000100000000000000000000000001000000001001010,9,(0 5) (1 6) (2 1) (3 3) (4 3) (7 2) (8 2) (8 5) (8 7),E6C2-N,1049,34.9551,0,0,0,0,0,1,0,0,0,0,0,0,0,0,0,1,0,0,0,1,0,0,0,0,0,0,0,0,0,0,1,0,0,0,0,0,0,0,0,1,0,0,0,0,0,0,0,0,0,0,0,0,0,0,0,0,0,0,0,0,0,0,0,0,0,1,0,0,0,0,0,0,0,0,1,0,0,1,0,1,0
31,000000000000000000000000010000011001000000000000000000000000000000000001001000000,6,(2 7) (3 4) (3 5) (3 8) (7 8) (8 2),E6C2-N,1055,35.1551,0,0,0,0,0,0,0,0,0,0,0,0,0,0,0,0,0,0,0,0,0,0,0,0,0,1,0,0,0,0,0,1,1,0,0,1,0,0,0,0,0,0,0,0,0,0,0,0,0,0,0,0,0,0,0,0,0,0,0,0,0,0,0,0,0,0,0,0,0,0,0,1,0,0,1,0,0,0,0,0,0
32,100000000001000000000000010000000000000001000000010000010000000001000100011000101,12,(0 0) (1 2) (2 7) (4 5) (5 4) (6 1) (7 2) (7 6) (8 1) (8 2) (8 6) (8 8),E6C2-N,1061,35.3551,1,0,0,0,0,0,0,0,0,0,0,1,0,0,0,0,0,0,0,0,0,0,0,0,0,1,0,0,0,0,0,0,0,0,0,0,0,0,0,0,0,1,0,0,0,0,0,0,0,1,0,0,0,0,0,1,0,0,0,0,0,0,0,0,0,1,0,0,0,1,0,0,0,1,1,0,0,0,1,0,1
33,001001010010000100010000001000100001000000000000010000000000000101000000001000000,13,(0 2) (0 5) (0 7) (1 1) (1 6) (2 1) (2 8) (3 3) (3 8) (5 4) (7 0) (7 2) (8 2),E6C2-N,1067,35.5551,0,0,1,0,0,1,0,1,0,0,1,0,0,0,0,1,0,0,0,1,0,0,0,0,0,0,1,0,0,0,1,0,0,0,0,1,0,0,0,0,0,0,0,0,0,0,0,0,0,1,0,0,0,0,0,0,0,0,0,0,0,0,0,1,0,1,0,0,0,0,0,0,0,0,1,0,0,0,0,0,0
34,000000000100000110000010001000010000001100000000001000000000000010000000001000110,13,(1 0) (1 6) (1 7) (2 4) (2 8) (3 4) (4 2) (4 3) (5 5) (7 1) (8 2) (8 6) (8 7),E6C2-N,1073,35.7551,0,0,0,0,0,0,0,0,0,1,0,0,0,0,0,1,1,0,0,0,0,0,1,0,0,0,1,0,0,0,0,1,0,0,0,0,0,0,1,1,0,0,0,0,0,0,0,0,0,0,1,0,0,0,0,0,0,0,0,0,0,0,0,0,1,0,0,0,0,0,0,0,0,0,1,0,0,0,1,1,0
35,010000000010000010010010010000011000000000100000000000010000000000000000000000000,10,(0 1) (1 1) (1 7) (2 1) (2 4) (2 7) (3 4) (3 5) (4 6) (6 1),E6C2-N,1079,35.9551,0,1,0,0,0,0,0,0,0,0,1,0,0,0,0,0,1,0,0,1,0,0,1,0,0,1,0,0,0,0,0,1,1,0,0,0,0,0,0,0,0,0,1,0,0,0,0,0,0,0,0,0,0,0,0,1,0,0,0,0,0,0,0,0,0,0,0,0,0,0,0,0,0,0,0,0,0,0,0,0,0
36,010000010100000100000000000000000000000000000000001000000010001100000000000000100,9,(0 1) (0 7) (1 0) (1 6) (5 5) (6 4) (6 8) (7 0) (8 6),E6C2-N,1085,36.1551,0,1,0,0,0,0,0,1,0,1,0,0,0,0,0,1,0,0,0,0,0,0,0,0,0,0,0,0,0,0,0,0,0,0,0,0,0,0,0,0,0,0,0,0,0,0,0,0,0,0,1,0,0,0,0,0,0,0,1,0,0,0,1,1,0,0,0,0,0,0,0,0,0,0,0,0,0,0,1,0,0
37,000000000000000000010000010000000000000100000100101000010000000011000000000000000,9,(2 1) (2 7) (4 3) (5 0) (5 3) (5 5) (6 1) (7 1) (7 2),E6C2-11,626,20.8586,0,0,0,0,0,0,0,0,0,0,0,0,0,0,0,0,0,0,0,1,0,0,0,0,0,1,0,0,0,0,0,0,0,0,0,0,0,0,0,1,0,0,0,0,0,1,0,0,1,0,1,0,0,0,0,1,0,0,0,0,0,0,0,0,1,1,0,0,0,0,0,0,0,0,0,0,0,0,0,0,0
38,000000000000000000000000000000001000000010000000100001000000010001000000000000000,6,(3 5) (4 4) (5 3) (5 8) (6 7) (7 2),E6C2-1K,226,7.5364,0,0,0,0,0,0,0,0,0,0,0,0,0,0,0,0,0,0,0,0,0,0,0,0,0,0,0,0,0,0,0,0,1,0,0,0,0,0,0,0,1,0,0,0,0,0,0,0,1,0,0,0,0,1,0,0,0,0,0,0,0,1,0,0,0,1,0,0,0,0,0,0,0,0,0,0,0,0,0,0,0
39,000101000001000000010000000100000000000000100100000000000000000000000001000000001,9,(0 3) (0 5) (1 2) (2 1) (3 0) (4 6) (5 0) (7 8) (8 8),E6C2-1K,227,7.5697,0,0,0,1,0,1,0,0,0,0,0,1,0,0,0,0,0,0,0,1,0,0,0,0,0,0,0,1,0,0,0,0,0,0,0,0,0,0,0,0,0,0,1,0,0,1,0,0,0,0,0,0,0,0,0,0,0,0,0,0,0,0,0,0,0,0,0,0,0,0,0,1,0,0,0,0,0,0,0,0,1
40,100000000000000001000000000000000000000001000100000000000000000010000000000001011,8,(0 0) (1 8) (4 5) (5 0) (7 1) (8 5) (8 7) (8 8),E6C2-1K,238,7.9364,1,0,0,0,0,0,0,0,0,0,0,0,0,0,0,0,0,1,0,0,0,0,0,0,0,0,0,0,0,0,0,0,0,0,0,0,0,0,0,0,0,1,0,0,0,1,0,0,0,0,0,0,0,0,0,0,0,0,0,0,0,0,0,0,1,0,0,0,0,0,0,0,0,0,0,0,0,1,0,1,1
41,000101000010000010010000001000000000001010000100000000000000000000000010000100001,12,(0 3) (0 5) (1 1) (1 7) (2 1) (2 8) (4 2) (4 4) (5 0) (7 7) (8 3) (8 8),E6C2-1K,244,8.1364,0,0,0,1,0,1,0,0,0,0,1,0,0,0,0,0,1,0,0,1,0,0,0,0,0,0,1,0,0,0,0,0,0,0,0,0,0,0,1,0,1,0,0,0,0,1,0,0,0,0,0,0,0,0,0,0,0,0,0,0,0,0,0,0,0,0,0,0,0,0,1,0,0,0,0,1,0,0,0,0,1
42,000000000101000010000000000100010000000000000000000001100000000000000000000100010,9,(1 0) (1 2) (1 7) (3 0) (3 4) (5 8) (6 0) (8 3) (8 7),E6C2-1K,250,8.3363,0,0,0,0,0,0,0,0,0,1,0,1,0,0,0,0,1,0,0,0,0,0,0,0,0,0,0,1,0,0,0,1,0,0,0,0,0,0,0,0,0,0,0,0,0,0,0,0,0,0,0,0,0,1,1,0,0,0,0,0,0,0,0,0,0,0,0,0,0,0,0,0,0,0,0,1,0,0,0,1,0
43,100101000000000001100000011000100000001100000000010000000000011000000010000000011,16,(0 0) (0 3) (0 5) (1 8) (2 0) (2 7) (2 8) (3 3) (4 2) (4 3) (5 4) (6 7) (6 8) (7 7) (8 7) (8 8),E6C2-1K,251,8.3697,1,0,0,1,0,1,0,0,0,0,0,0,0,0,0,0,0,1,1,0,0,0,0,0,0,1,1,0,0,0,1,0,0,0,0,0,0,0,1,1,0,0,0,0,0,0,0,0,0,1,0,0,0,0,0,0,0,0,0,0,0,1,1,0,0,0,0,0,0,0,1,0,0,0,0,0,0,0,0,1,1
44,010001000110000000000000000000000000000000000000011000000000000010000000000000010,8,(0 1) (0 5) (1 0) (1 1) (5 4) (5 5) (7 1) (8 7),E6C2-1K,262,8.7363,0,1,0,0,0,1,0,0,0,1,1,0,0,0,0,0,0,0,0,0,0,0,0,0,0,0,0,0,0,0,0,0,0,0,0,0,0,0,0,0,0,0,0,0,0,0,0,0,0,1,1,0,0,0,0,0,0,0,0,0,0,0,0,0,1,0,0,0,0,0,0,0,0,0,0,0,0,0,0,1,0
45,010000000000000100010000000100011001001001000000100000000000001000000000001000011,14,(0 1) (1 6) (2 1) (3 0) (3 4) (3 5) (3 8) (4 2) (4 5) (5 3) (6 8) (8 2) (8 7) (8 8),E6C2-1K,264,8.8030,0,1,0,0,0,0,0,0,0,0,0,0,0,0,0,1,0,0,0,1,0,0,0,0,0,0,0,1,0,0,0,1,1,0,0,1,0,0,1,0,0,1,0,0,0,0,0,0,1,0,0,0,0,0,0,0,0,0,0,0,0,0,1,0,0,0,0,0,0,0,0,0,0,0,1,0,0,0,0,1,1
46,000000101100000110000000000000000000000100000000100001000000011000000000000000010,11,(0 6) (0 8) (1 0) (1 6) (1 7) (4 3) (5 3) (5 8) (6 7) (6 8) (8 7),E6C2-1K,270,9.0030,0,0,0,0,0,0,1,0,1,1,0,0,0,0,0,1,1,0,0,0,0,0,0,0,0,0,0,0,0,0,0,0,0,0,0,0,0,0,0,1,0,0,0,0,0,0,0,0,1,0,0,0,0,1,0,0,0,0,0,0,0,1,1,0,0,0,0,0,0,0,0,0,0,0,0,0,0,0,0,1,0
47,000001000011000010000000010100000000001100000000000000000010000000000001000000001,11,(0 5) (1 1) (1 2) (1 7) (2 7) (3 0) (4 2) (4 3) (6 4) (7 8) (8 8),E6C2-1K,275,9.1696,0,0,0,0,0,1,0,0,0,0,1,1,0,0,0,0,1,0,0,0,0,0,0,0,0,1,0,1,0,0,0,0,0,0,0,0,0,0,1,1,0,0,0,0,0,0,0,0,0,0,0,0,0,0,0,0,0,0,1,0,0,0,0,0,0,0,0,0,0,0,0,1,0,0,0,0,0,0,0,0,1
48,011000000000000000000010000000101000001010000000000000000000001010000000000000000,9,(0 1) (0 2) (2 4) (3 3) (3 5) (4 2) (4 4) (6 8) (7 1),E6C2-1K,281,9.3696,0,1,1,0,0,0,0,0,0,0,0,0,0,0,0,0,0,0,0,0,0,0,1,0,0,0,0,0,0,0,1,0,1,0,0,0,0,0,1,0,1,0,0,0,0,0,0,0,0,0,0,0,0,0,0,0,0,0,0,0,0,0,1,0,1,0,0,0,0,0,0,0,0,0,0,0,0,0,0,0,0
49,001000000000000000100000011000101000000000000000000000100000000100000101000100000,11,(0 2) (2 0) (2 7) (2 8) (3 3) (3 5) (6 0) (7 0) (7 6) (7 8) (8 3),E6C2-1K,287,9.5696,0,0,1,0,0,0,0,0,0,0,0,0,0,0,0,0,0,0,1,0,0,0,0,0,0,1,1,0,0,0,1,0,1,0,0,0,0,0,0,0,0,0,0,0,0,0,0,0,0,0,0,0,0,0,1,0,0,0,0,0,0,0,0,1,0,0,0,0,0,1,0,1,0,0,0,1,0,0,0,0,0
50,000000001100000010000000000100010000000000000000000000000000000000000000000000000,5,(0 8) (1 0) (1 7) (3 0) (3 4),E6C2-1K,293,9.7696,0,0,0,0,0,0,0,0,1,1,0,0,0,0,0,0,1,0,0,0,0,0,0,0,0,0,0,1,0,0,0,1,0,0,0,0,0,0,0,0,0,0,0,0,0,0,0,0,0,0,0,0,0,0,0,0,0,0,0,0,0,0,0,0,0,0,0,0,0,0,0,0,0,0,0,0,0,0,0,0,0
51,000000000001000000010000000000000000000100000000000000000000000001000000000001000,5,(1 2) (2 1) (4 3) (7 2) (8 5),E6C2-1K,299,9.9696,0,0,0,0,0,0,0,0,0,0,0,1,0,0,0,0,0,0,0,1,0,0,0,0,0,0,0,0,0,0,0,0,0,0,0,0,0,0,0,1,0,0,0,0,0,0,0,0,0,0,0,0,0,0,0,0,0,0,0,0,0,0,0,0,0,1,0,0,0,0,0,0,0,0,0,0,0,1,0,0,0
52,100000100001000000000000000000010000001000000000001000000000000100000000010100001,10,(0 0) (0 6) (1 2) (3 4) (4 2) (5 5) (7 0) (8 1) (8 3) (8 8),E6C2-1K,305,10.1696,1,0,0,0,0,0,1,0,0,0,0,1,0,0,0,0,0,0,0,0,0,0,0,0,0,0,0,0,0,0,0,1,0,0,0,0,0,0,1,0,0,0,0,0,0,0,0,0,0,0,1,0,0,0,0,0,0,0,0,0,0,0,0,1,0,0,0,0,0,0,0,0,0,1,0,1,0,0,0,0,1
53,001000000001000000100000010100000000000000000000000000100000000001000000000000000,7,(0 2) (1 2) (2 0) (2 7) (3 0) (6 0) (7 2),E6C2-1K,310,10.3363,0,0,1,0,0,0,0,0,0,0,0,1,0,0,0,0,0,0,1,0,0,0,0,0,0,1,0,1,0,0,0,0,0,0,0,0,0,0,0,0,0,0,0,0,0,0,0,0,0,0,0,0,0,0,1,0,0,0,0,0,0,0,0,0,0,1,0,0,0,0,0,0,0,0,0,0,0,0,0,0,0
54,000001000010000000000000010000100000001000000000100000010000000000000010001000111,12,(0 5) (1 1) (2 7) (3 3) (4 2) (5 3) (6 1) (7 7) (8 2) (8 6) (8 7) (8 8),E6C2-1K,317,10.5696,0,0,0,0,0,1,0,0,0,0,1,0,0,0,0,0,0,0,0,0,0,0,0,0,0,1,0,0,0,0,1,0,0,0,0,0,0,0,1,0,0,0,0,0,0,0,0,0,1,0,0,0,0,0,0,1,0,0,0,0,0,0,0,0,0,0,0,0,0,0,1,0,0,0,1,0,0,0,1,1,1
55,000000000000000000000000001100010000000000000000000000000000000000000000011000100,6,(2 8) (3 0) (3 4) (8 1) (8 2) (8 6),E6C2-1K,323,10.7696,0,0,0,0,0,0,0,0,0,0,0,0,0,0,0,0,0,0,0,0,0,0,0,0,0,0,1,1,0,0,0,1,0,0,0,0,0,0,0,0,0,0,0,0,0,0,0,0,0,0,0,0,0,0,0,0,0,0,0,0,0,0,0,0,0,0,0,0,0,0,0,0,0,1,1,0,0,0,1,0,0
56,000000100000000001100000001000000000000100000000000000100000000010000000001000000,8,(0 6) (1 8) (2 0) (2 8) (4 3) (6 0) (7 1) (8 2),E6C2-1K,329,10.9696,0,0,0,0,0,0,1,0,0,0,0,0,0,0,0,0,0,1,1,0,0,0,0,0,0,0,1,0,0,0,0,0,0,0,0,0,0,0,0,1,0,0,0,0,0,0,0,0,0,0,0,0,0,0,1,0,0,0,0,0,0,0,0,0,1,0,0,0,0,0,0,0,0,0,1,0,0,0,0,0,0
57,010000000101000000000000000000001000000010000000000001000000000001000010000000000,8,(0 1) (1 0) (1 2) (3 5) (4 4) (5 8) (7 2) (7 7),E6C2-1K,335,11.1696,0,1,0,0,0,0,0,0,0,1,0,1,0,0,0,0,0,0,0,0,0,0,0,0,0,0,0,0,0,0,0,0,1,0,0,0,0,0,0,0,1,0,0,0,0,0,0,0,0,0,0,0,0,1,0,0,0,0,0,0,0,0,0,0,0,1,0,0,0,0,1,0,0,0,0,0,0,0,0,0,0
58,001001000000000001000000000000110000000000000100010000000000000000000000000000011,9,(0 2) (0 5) (1 8) (3 3) (3 4) (5 0) (5 4) (8 7) (8 8),E6C2-1K,342,11.4030,0,0,1,0,0,1,0,0,0,0,0,0,0,0,0,0,0,1,0,0,0,0,0,0,0,0,0,0,0,0,1,1,0,0,0,0,0,0,0,0,0,0,0,0,0,1,0,0,0,1,0,0,0,0,0,0,0,0,0,0,0,0,0,0,0,0,0,0,0,0,0,0,0,0,0,0,0,0,0,1,1
59,001000000001000010000000001000000000000000100000000000000000000000000000000000000,5,(0 2) (1 2) (1 7) (2 8) (4 6),E6C2-1K,347,11.5696,0,0,1,0,0,0,0,0,0,0,0,1,0,0,0,0,1,0,0,0,0,0,0,0,0,0,1,0,0,0,0,0,0,0,0,0,0,0,0,0,0,0,1,0,0,0,0,0,0,0,0,0,0,0,0,0,0,0,0,0,0,0,0,0,0,0,0,0,0,0,0,0,0,0,0,0,0,0,0,0,0
60,000000000000000001000000000100110000000000000000010000100000010000000000000001010,9,(1 8) (3 0) (3 3) (3 4) (5 4) (6 0) (6 7) (8 5) (8 7),E6C2-1K,354,11.8029,0,0,0,0,0,0,0,0,0,0,0,0,0,0,0,0,0,1,0,0,0,0,0,0,0,0,0,1,0,0,1,1,0,0,0,0,0,0,0,0,0,0,0,0,0,0,0,0,0,1,0,0,0,0,1,0,0,0,0,0,0,1,0,0,0,0,0,0,0,0,0,0,0,0,0,0,0,1,0,1,0
61,000100100000000000000000000000101000000010000000000000000010000100000000001000100,9,(0 3) (0 6) (3 3) (3 5) (4 4) (6 4) (7 0) (8 2) (8 6),E6C2-1K,359,11.9696,0,0,0,1,0,0,1,0,0,0,0,0,0,0,0,0,0,0,0,0,0,0,0,0,0,0,0,0,0,0,1,0,1,0,0,0,0,0,0,0,1,0,0,0,0,0,0,0,0,0,0,0,0,0,0,0,0,0,1,0,0,0,0,1,0,0,0,0,0,0,0,0,0,0,1,0,0,0,1,0,0
62,000100101000000000010010000000001000001010100100100000000000010000000000000000010,13,(0 3) (0 6) (0 8) (2 1) (2 4) (3 5) (4 2) (4 4) (4 6) (5 0) (5 3) (6 7) (8 7),E6C2-1K,365,12.1696,0,0,0,1,0,0,1,0,1,0,0,0,0,0,0,0,0,0,0,1,0,0,1,0,0,0,0,0,0,0,0,0,1,0,0,0,0,0,1,0,1,0,1,0,0,1,0,0,1,0,0,0,0,0,0,0,0,0,0,0,0,1,0,0,0,0,0,0,0,0,0,0,0,0,0,0,0,0,0,1,0
63,000100000010000000010010001000010000000001000000010000000000000000000000110000001,11,(0 3) (1 1) (2 1) (2 4) (2 8) (3 4) (4 5) (5 4) (8 0) (8 1) (8 8),E6C2-1K,372,12.4029,0,0,0,1,0,0,0,0,0,0,1,0,0,0,0,0,0,0,0,1,0,0,1,0,0,0,1,0,0,0,0,1,0,0,0,0,0,0,0,0,0,1,0,0,0,0,0,0,0,1,0,0,0,0,0,0,0,0,0,0,0,0,0,0,0,0,0,0,0,0,0,0,1,1,0,0,0,0,0,0,1
64,000000100000000000000000000100100000000000100000000000000010010000000101010000100,10,(0 6) (3 0) (3 3) (4 6) (6 4) (6 7) (7 6) (7 8) (8 1) (8 6),E6C2-1K,376,12.5363,0,0,0,0,0,0,1,0,0,0,0,0,0,0,0,0,0,0,0,0,0,0,0,0,0,0,0,1,0,0,1,0,0,0,0,0,0,0,0,0,0,0,1,0,0,0,0,0,0,0,0,0,0,0,0,0,0,0,1,0,0,1,0,0,0,0,0,0,0,1,0,1,0,1,0,0,0,0,1,0,0
65,000000000000000001100000001000001000000000100000100000000000000000000010001100000,9,(1 8) (2 0) (2 8) (3 5) (4 6) (5 3) (7 7) (8 2) (8 3),E6C2-1K,382,12.7363,0,0,0,0,0,0,0,0,0,0,0,0,0,0,0,0,0,1,1,0,0,0,0,0,0,0,1,0,0,0,0,0,1,0,0,0,0,0,0,0,0,0,1,0,0,0,0,0,1,0,0,0,0,0,0,0,0,0,0,0,0,0,0,0,0,0,0,0,0,0,1,0,0,0,1,1,0,0,0,0,0
66,000001100101000001000000000000010000001000000000001000000000000010000001000000010,11,(0 5) (0 6) (1 0) (1 2) (1 8) (3 4) (4 2) (5 5) (7 1) (7 8) (8 7),E6C2-1K,389,12.9696,0,0,0,0,0,1,1,0,0,1,0,1,0,0,0,0,0,1,0,0,0,0,0,0,0,0,0,0,0,0,0,1,0,0,0,0,0,0,1,0,0,0,0,0,0,0,0,0,0,0,1,0,0,0,0,0,0,0,0,0,0,0,0,0,1,0,0,0,0,0,0,1,0,0,0,0,0,0,0,1,0
67,000000000000000000000000000000010000000000000100000000000000000000000000000000000,2,(3 4) (5 0),E6C2-1K,396,13.2029,0,0,0,0,0,0,0,0,0,0,0,0,0,0,0,0,0,0,0,0,0,0,0,0,0,0,0,0,0,0,0,1,0,0,0,0,0,0,0,0,0,0,0,0,0,1,0,0,0,0,0,0,0,0,0,0,0,0,0,0,0,0,0,0,0,0,0,0,0,0,0,0,0,0,0,0,0,0,0,0,0
68,000001011001000010010000000100001001000000000000000001100000000001000010100000100,15,(0 5) (0 7) (0 8) (1 2) (1 7) (2 1) (3 0) (3 5) (3 8) (5 8) (6 0) (7 2) (7 7) (8 0) (8 6),E6C3-18,642,21.4031,0,0,0,0,0,1,0,1,1,0,0,1,0,0,0,0,1,0,0,1,0,0,0,0,0,0,0,1,0,0,0,0,1,0,0,1,0,0,0,0,0,0,0,0,0,0,0,0,0,0,0,0,0,1,1,0,0,0,0,0,0,0,0,0,0,1,0,0,0,0,1,0,1,0,0,0,0,0,1,0,0
69,000100001000000000000000001000010000000000000100000000000000001000000001000000001,8,(0 3) (0 8) (2 8) (3 4) (5 0) (6 8) (7 8) (8 8),E6C3-18,648,21.6031,0,0,0,1,0,0,0,0,1,0,0,0,0,0,0,0,0,0,0,0,0,0,0,0,0,0,1,0,0,0,0,1,0,0,0,0,0,0,0,0,0,0,0,0,0,1,0,0,0,0,0,0,0,0,0,0,0,0,0,0,0,0,1,0,0,0,0,0,0,0,0,1,0,0,0,0,0,0,0,0,1
70,000000000001000000000000000000000000000100000100000000010000000000000100010000010,7,(1 2) (4 3) (5 0) (6 1) (7 6) (8 1) (8 7),E6C3-18,654,21.8030,0,0,0,0,0,0,0,0,0,0,0,1,0,0,0,0,0,0,0,0,0,0,0,0,0,0,0,0,0,0,0,0,0,0,0,0,0,0,0,1,0,0,0,0,0,1,0,0,0,0,0,0,0,0,0,1,0,0,0,0,0,0,0,0,0,0,0,0,0,1,0,0,0,1,0,0,0,0,0,1,0
71,000000000001000000000000001000000001001001100000011000000000000000000001000000110,11,(1 2) (2 8) (3 8) (4 2) (4 5) (4 6) (5 4) (5 5) (7 8) (8 6) (8 7),E6C3-18,660,22.0030,0,0,0,0,0,0,0,0,0,0,0,1,0,0,0,0,0,0,0,0,0,0,0,0,0,0,1,0,0,0,0,0,0,0,0,1,0,0,1,0,0,1,1,0,0,0,0,0,0,1,1,0,0,0,0,0,0,0,0,0,0,0,0,0,0,0,0,0,0,0,0,1,0,0,0,0,0,0,1,1,0
72,010100000001000000100000000000000001000010000000100001010000000010000000001000000,11,(0 1) (0 3) (1 2) (2 0) (3 8) (4 4) (5 3) (5 8) (6 1) (7 1) (8 2),E6C3-18,661,22.0363,0,1,0,1,0,0,0,0,0,0,0,1,0,0,0,0,0,0,1,0,0,0,0,0,0,0,0,0,0,0,0,0,0,0,0,1,0,0,0,0,1,0,0,0,0,0,0,0,1,0,0,0,0,1,0,1,0,0,0,0,0,0,0,0,1,0,0,0,0,0,0,0,0,0,1,0,0,0,0,0,0
73,000001000100000000000000010000000000001000100000000000000010000000000001000000100,8,(0 5) (1 0) (2 7) (4 2) (4 6) (6 4) (7 8) (8 6),E6C3-18,672,22.4030,0,0,0,0,0,1,0,0,0,1,0,0,0,0,0,0,0,0,0,0,0,0,0,0,0,1,0,0,0,0,0,0,0,0,0,0,0,0,1,0,0,0,1,0,0,0,0,0,0,0,0,0,0,0,0,0,0,0,1,0,0,0,0,0,0,0,0,0,0,0,0,1,0,0,0,0,0,0,1,0,0
74,000100000001000010000010000100000001000000000000010000000000000010000001000000011,11,(0 3) (1 2) (1 7) (2 4) (3 0) (3 8) (5 4) (7 1) (7 8) (8 7) (8 8),E6C3-18,673,22.4363,0,0,0,1,0,0,0,0,0,0,0,1,0,0,0,0,1,0,0,0,0,0,1,0,0,0,0,1,0,0,0,0,0,0,0,1,0,0,0,0,0,0,0,0,0,0,0,0,0,1,0,0,0,0,0,0,0,0,0,0,0,0,0,0,1,0,0,0,0,0,0,1,0,0,0,0,0,0,0,1,1
75,000000001010000010000000000000011000000000000000001000110000000000000001100101100,13,(0 8) (1 1) (1 7) (3 4) (3 5) (5 5) (6 0) (6 1) (7 8) (8 0) (8 3) (8 5) (8 6),E6C3-18,684,22.8030,0,0,0,0,0,0,0,0,1,0,1,0,0,0,0,0,1,0,0,0,0,0,0,0,0,0,0,0,0,0,0,1,1,0,0,0,0,0,0,0,0,0,0,0,0,0,0,0,0,0,1,0,0,0,1,1,0,0,0,0,0,0,0,0,0,0,0,0,0,0,0,1,1,0,0,1,0,1,1,0,0
76,000000000000000010000000000000000000000100000000100000000000000000000000010001101,7,(1 7) (4 3) (5 3) (8 1) (8 5) (8 6) (8 8),E6C3-18,690,23.0030,0,0,0,0,0,0,0,0,0,0,0,0,0,0,0,0,1,0,0,0,0,0,0,0,0,0,0,0,0,0,0,0,0,0,0,0,0,0,0,1,0,0,0,0,0,0,0,0,1,0,0,0,0,0,0,0,0,0,0,0,0,0,0,0,0,0,0,0,0,0,0,0,0,1,0,0,0,1,1,0,1
77,011000000000000110000000010000000001000011100000000000100000000000000101000001000,13,(0 1) (0 2) (1 6) (1 7) (2 7) (3 8) (4 4) (4 5) (4 6) (6 0) (7 6) (7 8) (8 5),E6C3-18,691,23.0363,0,1,1,0,0,0,0,0,0,0,0,0,0,0,0,1,1,0,0,0,0,0,0,0,0,1,0,0,0,0,0,0,0,0,0,1,0,0,0,0,1,1,1,0,0,0,0,0,0,0,0,0,0,0,1,0,0,0,0,0,0,0,0,0,0,0,0,0,0,1,0,1,0,0,0,0,0,1,0,0,0
78,010000001100000000010010000000000001000000100000000000000000000010000001010000000,10,(0 1) (0 8) (1 0) (2 1) (2 4) (3 8) (4 6) (7 1) (7 8) (8 1),E6C3-18,697,23.2363,0,1,0,0,0,0,0,0,1,1,0,0,0,0,0,0,0,0,0,1,0,0,1,0,0,0,0,0,0,0,0,0,0,0,0,1,0,0,0,0,0,0,1,0,0,0,0,0,0,0,0,0,0,0,0,0,0,0,0,0,0,0,0,0,1,0,0,0,0,0,0,1,0,1,0,0,0,0,0,0,0
79,111000000000000000000000000000000000000000000000100000000000000001000000000001001,7,(0 0) (0 1) (0 2) (5 3) (7 2) (8 5) (8 8),E6C3-18,708,23.6030,1,1,1,0,0,0,0,0,0,0,0,0,0,0,0,0,0,0,0,0,0,0,0,0,0,0,0,0,0,0,0,0,0,0,0,0,0,0,0,0,0,0,0,0,0,0,0,0,1,0,0,0,0,0,0,0,0,0,0,0,0,0,0,0,0,1,0,0,0,0,0,0,0,0,0,0,0,1,0,0,1
80,010001000110000001000000000100111000001000000000000000000000000011000001010100000,15,(0 1) (0 5) (1 0) (1 1) (1 8) (3 0) (3 3) (3 4) (3 5) (4 2) (7 1) (7 2) (7 8) (8 1) (8 3),E6C3-18,709,23.6363,0,1,0,0,0,1,0,0,0,1,1,0,0,0,0,0,0,1,0,0,0,0,0,0,0,0,0,1,0,0,1,1,1,0,0,0,0,0,1,0,0,0,0,0,0,0,0,0,0,0,0,0,0,0,0,0,0,0,0,0,0,0,0,0,1,1,0,0,0,0,0,1,0,1,0,1,0,0,0,0,0
81,000000000000000000000010000000010000000011000000000000100000000001000000100001000,8,(2 4) (3 4) (4 4) (4 5) (6 0) (7 2) (8 0) (8 5),E6C3-18,715,23.8363,0,0,0,0,0,0,0,0,0,0,0,0,0,0,0,0,0,0,0,0,0,0,1,0,0,0,0,0,0,0,0,1,0,0,0,0,0,0,0,0,1,1,0,0,0,0,0,0,0,0,0,0,0,0,1,0,0,0,0,0,0,0,0,0,0,1,0,0,0,0,0,0,1,0,0,0,0,1,0,0,0
82,001000010000000010000000001000000000000001000100000001010010000000000010000001110,13,(0 2) (0 7) (1 7) (2 8) (4 5) (5 0) (5 8) (6 1) (6 4) (7 7) (8 5) (8 6) (8 7),E6C3-18,721,24.0363,0,0,1,0,0,0,0,1,0,0,0,0,0,0,0,0,1,0,0,0,0,0,0,0,0,0,1,0,0,0,0,0,0,0,0,0,0,0,0,0,0,1,0,0,0,1,0,0,0,0,0,0,0,1,0,1,0,0,1,0,0,0,0,0,0,0,0,0,0,0,1,0,0,0,0,0,0,1,1,1,0
83,010000000001000000000000000000000000000000100000000000000000011001000101000000000,8,(0 1) (1 2) (4 6) (6 7) (6 8) (7 2) (7 6) (7 8),E6C3-18,727,24.2363,0,1,0,0,0,0,0,0,0,0,0,1,0,0,0,0,0,0,0,0,0,0,0,0,0,0,0,0,0,0,0,0,0,0,0,0,0,0,0,0,0,0,1,0,0,0,0,0,0,0,0,0,0,0,0,0,0,0,0,0,0,1,1,0,0,1,0,0,0,1,0,1,0,0,0,0,0,0,0,0,0
84,000000000000000000000010010000000000000100000000010000000000010000000110000000100,8,(2 4) (2 7) (4 3) (5 4) (6 7) (7 6) (7 7) (8 6),E6C3-18,733,24.4363,0,0,0,0,0,0,0,0,0,0,0,0,0,0,0,0,0,0,0,0,0,0,1,0,0,1,0,0,0,0,0,0,0,0,0,0,0,0,0,1,0,0,0,0,0,0,0,0,0,1,0,0,0,0,0,0,0,0,0,0,0,1,0,0,0,0,0,0,0,1,1,0,0,0,0,0,0,0,1,0,0
85,101001000010000000000010000000000000000000100000000001010000000000000000010001010,11,(0 0) (0 2) (0 5) (1 1) (2 4) (4 6) (5 8) (6 1) (8 1) (8 5) (8 7),E6C3-18,738,24.6030,1,0,1,0,0,1,0,0,0,0,1,0,0,0,0,0,0,0,0,0,0,0,1,0,0,0,0,0,0,0,0,0,0,0,0,0,0,0,0,0,0,0,1,0,0,0,0,0,0,0,0,0,0,1,0,1,0,0,0,0,0,0,0,0,0,0,0,0,0,0,0,0,0,1,0,0,0,1,0,1,0
86,001000000000000010000000000000000000001001000000000001000000000000000100001001000,8,(0 2) (1 7) (4 2) (4 5) (5 8) (7 6) (8 2) (8 5),E6C3-18,744,24.8030,0,0,1,0,0,0,0,0,0,0,0,0,0,0,0,0,1,0,0,0,0,0,0,0,0,0,0,0,0,0,0,0,0,0,0,0,0,0,1,0,0,1,0,0,0,0,0,0,0,0,0,0,0,1,0,0,0,0,0,0,0,0,0,0,0,0,0,0,0,1,0,0,0,0,1,0,0,1,0,0,0
87,000000000010000000000000010000000000000000100000001000010000000001000101000100010,10,(1 1) (2 7) (4 6) (5 5) (6 1) (7 2) (7 6) (7 8) (8 3) (8 7),E6C3-18,752,25.0696,0,0,0,0,0,0,0,0,0,0,1,0,0,0,0,0,0,0,0,0,0,0,0,0,0,1,0,0,0,0,0,0,0,0,0,0,0,0,0,0,0,0,1,0,0,0,0,0,0,0,1,0,0,0,0,1,0,0,0,0,0,0,0,0,0,1,0,0,0,1,0,1,0,0,0,1,0,0,0,1,0
88,000000000001000011000000000000000000000000000100000000000010000000000000000000000,5,(1 2) (1 7) (1 8) (5 0) (6 4),E6C3-18,757,25.2363,0,0,0,0,0,0,0,0,0,0,0,1,0,0,0,0,1,1,0,0,0,0,0,0,0,0,0,0,0,0,0,0,0,0,0,0,0,0,0,0,0,0,0,0,0,1,0,0,0,0,0,0,0,0,0,0,0,0,1,0,0,0,0,0,0,0,0,0,0,0,0,0,0,0,0,0,0,0,0,0,0
89,000000000000000000000000000000100000000010000000010000110000011000000000000100000,8,(3 3) (4 4) (5 4) (6 0) (6 1) (6 7) (6 8) (8 3),E6C3-18,763,25.4363,0,0,0,0,0,0,0,0,0,0,0,0,0,0,0,0,0,0,0,0,0,0,0,0,0,0,0,0,0,0,1,0,0,0,0,0,0,0,0,0,1,0,0,0,0,0,0,0,0,1,0,0,0,0,1,1,0,0,0,0,0,1,1,0,0,0,0,0,0,0,0,0,0,0,0,1,0,0,0,0,0
90,000000000000000000000010000000000000000000000000010000000000001000000010000000000,4,(2 4) (5 4) (6 8) (7 7),E6C3-18,769,25.6363,0,0,0,0,0,0,0,0,0,0,0,0,0,0,0,0,0,0,0,0,0,0,1,0,0,0,0,0,0,0,0,0,0,0,0,0,0,0,0,0,0,0,0,0,0,0,0,0,0,1,0,0,0,0,0,0,0,0,0,0,0,0,1,0,0,0,0,0,0,0,1,0,0,0,0,0,0,0,0,0,0
91,000000010010000100000000000000000000000001000000000001000000000001000000000000000,6,(0 7) (1 1) (1 6) (4 5) (5 8) (7 2),E6C3-18,775,25.8363,0,0,0,0,0,0,0,1,0,0,1,0,0,0,0,1,0,0,0,0,0,0,0,0,0,0,0,0,0,0,0,0,0,0,0,0,0,0,0,0,0,1,0,0,0,0,0,0,0,0,0,0,0,1,0,0,0,0,0,0,0,0,0,0,0,1,0,0,0,0,0,0,0,0,0,0,0,0,0,0,0
92,010000110100000000000010000100000000000000100000101001000000000000000101100100100,15,(0 1) (0 6) (0 7) (1 0) (2 4) (3 0) (4 6) (5 3) (5 5) (5 8) (7 6) (7 8) (8 0) (8 3) (8 6),E6C3-18,781,26.0363,0,1,0,0,0,0,1,1,0,1,0,0,0,0,0,0,0,0,0,0,0,0,1,0,0,0,0,1,0,0,0,0,0,0,0,0,0,0,0,0,0,0,1,0,0,0,0,0,1,0,1,0,0,1,0,0,0,0,0,0,0,0,0,0,0,0,0,0,0,1,0,1,1,0,0,1,0,0,1,0,0
93,001100000000000000000010000000000000000001000000000000000000000010000000011000000,7,(0 2) (0 3) (2 4) (4 5) (7 1) (8 1) (8 2),E6C3-18,787,26.2363,0,0,1,1,0,0,0,0,0,0,0,0,0,0,0,0,0,0,0,0,0,0,1,0,0,0,0,0,0,0,0,0,0,0,0,0,0,0,0,0,0,1,0,0,0,0,0,0,0,0,0,0,0,0,0,0,0,0,0,0,0,0,0,0,1,0,0,0,0,0,0,0,0,1,1,0,0,0,0,0,0
94,010100000000000111000000000100001000000000000100010000000010001000000000001001100,14,(0 1) (0 3) (1 6) (1 7) (1 8) (3 0) (3 5) (5 0) (5 4) (6 4) (6 8) (8 2) (8 5) (8 6),E6C3-18,794,26.4696,0,1,0,1,0,0,0,0,0,0,0,0,0,0,0,1,1,1,0,0,0,0,0,0,0,0,0,1,0,0,0,0,1,0,0,0,0,0,0,0,0,0,0,0,0,1,0,0,0,1,0,0,0,0,0,0,0,0,1,0,0,0,1,0,0,0,0,0,0,0,0,0,0,0,1,0,0,1,1,0,0
95,100000000100000000000000000000000000000000100000000000000010000010000010000000001,7,(0 0) (1 0) (4 6) (6 4) (7 1) (7 7) (8 8),E6C3-18,798,26.6029,1,0,0,0,0,0,0,0,0,1,0,0,0,0,0,0,0,0,0,0,0,0,0,0,0,0,0,0,0,0,0,0,0,0,0,0,0,0,0,0,0,0,1,0,0,0,0,0,0,0,0,0,0,0,0,0,0,0,1,0,0,0,0,0,1,0,0,0,0,0,1,0,0,0,0,0,0,0,0,0,1
96,001101000000000000010010000000000000001110100000000000000000000000000001001000010,12,(0 2) (0 3) (0 5) (2 1) (2 4) (4 2) (4 3) (4 4) (4 6) (7 8) (8 2) (8 7),E6C3-18,804,26.8029,0,0,1,1,0,1,0,0,0,0,0,0,0,0,0,0,0,0,0,1,0,0,1,0,0,0,0,0,0,0,0,0,0,0,0,0,0,0,1,1,1,0,1,0,0,0,0,0,0,0,0,0,0,0,0,0,0,0,0,0,0,0,0,0,0,0,0,0,0,0,0,1,0,0,1,0,0,0,0,1,0
97,000000000100000000000000000100110000000000000000010000000000010010000001100000000,9,(1 0) (3 0) (3 3) (3 4) (5 4) (6 7) (7 1) (7 8) (8 0),E6C3-18,811,27.0363,0,0,0,0,0,0,0,0,0,1,0,0,0,0,0,0,0,0,0,0,0,0,0,0,0,0,0,1,0,0,1,1,0,0,0,0,0,0,0,0,0,0,0,0,0,0,0,0,0,1,0,0,0,0,0,0,0,0,0,0,0,1,0,0,1,0,0,0,0,0,0,1,1,0,0,0,0,0,0,0,0
98,010001000100000100000010000000001001000010000000100000010000000001000000010001001,14,(0 1) (0 5) (1 0) (1 6) (2 4) (3 5) (3 8) (4 4) (5 3) (6 1) (7 2) (8 1) (8 5) (8 8),E6C3-18,816,27.2029,0,1,0,0,0,1,0,0,0,1,0,0,0,0,0,1,0,0,0,0,0,0,1,0,0,0,0,0,0,0,0,0,1,0,0,1,0,0,0,0,1,0,0,0,0,0,0,0,1,0,0,0,0,0,0,1,0,0,0,0,0,0,0,0,0,1,0,0,0,0,0,0,0,1,0,0,0,1,0,0,1
99,000000011010000000000000000000000000000100000000000000010010000001000000100000000,8,(0 7) (0 8) (1 1) (4 3) (6 1) (6 4) (7 2) (8 0),E6C3-18,822,27.4029,0,0,0,0,0,0,0,1,1,0,1,0,0,0,0,0,0,0,0,0,0,0,0,0,0,0,0,0,0,0,0,0,0,0,0,0,0,0,0,1,0,0,0,0,0,0,0,0,0,0,0,0,0,0,0,1,0,0,1,0,0,0,0,0,0,1,0,0,0,0,0,0,1,0,0,0,0,0,0,0,0
100,001000010000000000000000001100001000000100000000000000110010000000000010000000001,11,(0 2) (0 7) (2 8) (3 0) (3 5) (4 3) (6 0) (6 1) (6 4) (7 7) (8 8),E6C3-18,828,27.6029,0,0,1,0,0,0,0,1,0,0,0,0,0,0,0,0,0,0,0,0,0,0,0,0,0,0,1,1,0,0,0,0,1,0,0,0,0,0,0,1,0,0,0,0,0,0,0,0,0,0,0,0,0,0,1,1,0,0,1,0,0,0,0,0,0,0,0,0,0,0,1,0,0,0,0,0,0,0,0,0,1
101,000000010000000110100000000000000001000000000000100000000000000011000010100000000,10,(0 7) (1 6) (1 7) (2 0) (3 8) (5 3) (7 1) (7 2) (7 7) (8 0),E6C3-18,834,27.8029,0,0,0,0,0,0,0,1,0,0,0,0,0,0,0,1,1,0,1,0,0,0,0,0,0,0,0,0,0,0,0,0,0,0,0,1,0,0,0,0,0,0,0,0,0,0,0,0,1,0,0,0,0,0,0,0,0,0,0,0,0,0,0,0,1,1,0,0,0,0,1,0,1,0,0,0,0,0,0,0,0
102,100000000000000000000000000000010001000101000000000000000000010010000001001100000,10,(0 0) (3 4) (3 8) (4 3) (4 5) (6 7) (7 1) (7 8) (8 2) (8 3),E6C3-18,841,28.0363,1,0,0,0,0,0,0,0,0,0,0,0,0,0,0,0,0,0,0,0,0,0,0,0,0,0,0,0,0,0,0,1,0,0,0,1,0,0,0,1,0,1,0,0,0,0,0,0,0,0,0,0,0,0,0,0,0,0,0,0,0,1,0,0,1,0,0,0,0,0,0,1,0,0,1,1,0,0,0,0,0
103,001000101001000000000000000000000000000000000000000001000000000000000000001000100,7,(0 2) (0 6) (0 8) (1 2) (5 8) (8 2) (8 6),E6C3-1L,740,24.6727,0,0,1,0,0,0,1,0,1,0,0,1,0,0,0,0,0,0,0,0,0,0,0,0,0,0,0,0,0,0,0,0,0,0,0,0,0,0,0,0,0,0,0,0,0,0,0,0,0,0,0,0,0,1,0,0,0,0,0,0,0,0,0,0,0,0,0,0,0,0,0,0,0,0,1,0,0,0,1,0,0
104,000001001001000000000010000000000001000000000000000000000000000000000000000000001,6,(0 5) (0 8) (1 2) (2 4) (3 8) (8 8),E6C3-1L,746,24.8727,0,0,0,0,0,1,0,0,1,0,0,1,0,0,0,0,0,0,0,0,0,0,1,0,0,0,0,0,0,0,0,0,0,0,0,1,0,0,0,0,0,0,0,0,0,0,0,0,0,0,0,0,0,0,0,0,0,0,0,0,0,0,0,0,0,0,0,0,0,0,0,0,0,0,0,0,0,0,0,0,1
105,000000010000000010000000000000101000000000000000000000000000000000000000000000000,4,(0 7) (1 7) (3 3) (3 5),E6C3-1L,750,25.0060,0,0,0,0,0,0,0,1,0,0,0,0,0,0,0,0,1,0,0,0,0,0,0,0,0,0,0,0,0,0,1,0,1,0,0,0,0,0,0,0,0,0,0,0,0,0,0,0,0,0,0,0,0,0,0,0,0,0,0,0,0,0,0,0,0,0,0,0,0,0,0,0,0,0,0,0,0,0,0,0,0
106,000000000000000000000000010000000000000000000100000000000000001000000101000000000,5,(2 7) (5 0) (6 8) (7 6) (7 8),E6C3-1L,758,25.2726,0,0,0,0,0,0,0,0,0,0,0,0,0,0,0,0,0,0,0,0,0,0,0,0,0,1,0,0,0,0,0,0,0,0,0,0,0,0,0,0,0,0,0,0,0,1,0,0,0,0,0,0,0,0,0,0,0,0,0,0,0,0,1,0,0,0,0,0,0,1,0,1,0,0,0,0,0,0,0,0,0
107,000001000000000000000010000000000000000000000100000001000000000000000010000000000,5,(0 5) (2 4) (5 0) (5 8) (7 7),E6C3-1L,759,25.3060,0,0,0,0,0,1,0,0,0,0,0,0,0,0,0,0,0,0,0,0,0,0,1,0,0,0,0,0,0,0,0,0,0,0,0,0,0,0,0,0,0,0,0,0,0,1,0,0,0,0,0,0,0,1,0,0,0,0,0,0,0,0,0,0,0,0,0,0,0,0,1,0,0,0,0,0,0,0,0,0,0
108,001000000010000100000000000000010001000000000000000001000000010000000001100000101,11,(0 2) (1 1) (1 6) (3 4) (3 8) (5 8) (6 7) (7 8) (8 0) (8 6) (8 8),E6C3-1L,776,25.8726,0,0,1,0,0,0,0,0,0,0,1,0,0,0,0,1,0,0,0,0,0,0,0,0,0,0,0,0,0,0,0,1,0,0,0,1,0,0,0,0,0,0,0,0,0,0,0,0,0,0,0,0,0,1,0,0,0,0,0,0,0,1,0,0,0,0,0,0,0,0,0,1,1,0,0,0,0,0,1,0,1
109,100000010000000000000000000000000000001010000000000000000000010000000001000000000,6,(0 0) (0 7) (4 2) (4 4) (6 7) (7 8),E6C3-1L,782,26.0726,1,0,0,0,0,0,0,1,0,0,0,0,0,0,0,0,0,0,0,0,0,0,0,0,0,0,0,0,0,0,0,0,0,0,0,0,0,0,1,0,1,0,0,0,0,0,0,0,0,0,0,0,0,0,0,0,0,0,0,0,0,1,0,0,0,0,0,0,0,0,0,1,0,0,0,0,0,0,0,0,0
110,000001000010000100000000000100110000000001000000000000000000000000000010000000001,9,(0 5) (1 1) (1 6) (3 0) (3 3) (3 4) (4 5) (7 7) (8 8),E6C3-1L,789,26.3059,0,0,0,0,0,1,0,0,0,0,1,0,0,0,0,1,0,0,0,0,0,0,0,0,0,0,0,1,0,0,1,1,0,0,0,0,0,0,0,0,0,1,0,0,0,0,0,0,0,0,0,0,0,0,0,0,0,0,0,0,0,0,0,0,0,0,0,0,0,0,1,0,0,0,0,0,0,0,0,0,1
111,001000001000000101000000011000100000000000000000000000000010010100000000000000010,11,(0 2) (0 8) (1 6) (1 8) (2 7) (2 8) (3 3) (6 4) (6 7) (7 0) (8 7),E6C3-1L,795,26.5059,0,0,1,0,0,0,0,0,1,0,0,0,0,0,0,1,0,1,0,0,0,0,0,0,0,1,1,0,0,0,1,0,0,0,0,0,0,0,0,0,0,0,0,0,0,0,0,0,0,0,0,0,0,0,0,0,0,0,1,0,0,1,0,1,0,0,0,0,0,0,0,0,0,0,0,0,0,0,0,1,0
112,000001000000000000000000000000001000000000000100000000000010000000000100000000000,5,(0 5) (3 5) (5 0) (6 4) (7 6),E6C5-N,1105,36.8446,0,0,0,0,0,1,0,0,0,0,0,0,0,0,0,0,0,0,0,0,0,0,0,0,0,0,0,0,0,0,0,0,1,0,0,0,0,0,0,0,0,0,0,0,0,1,0,0,0,0,0,0,0,0,0,0,0,0,1,0,0,0,0,0,0,0,0,0,0,1,0,0,0,0,0,0,0,0,0,0,0
113,000000000001000000000000000000000000000000100000000000000000011001000101000000000,7,(1 2) (4 6) (6 7) (6 8) (7 2) (7 6) (7 8),E6C4-V,643,21.4493,0,0,0,0,0,0,0,0,0,0,0,1,0,0,0,0,0,0,0,0,0,0,0,0,0,0,0,0,0,0,0,0,0,0,0,0,0,0,0,0,0,0,1,0,0,0,0,0,0,0,0,0,0,0,0,0,0,0,0,0,0,1,1,0,0,1,0,0,0,1,0,1,0,0,0,0,0,0,0,0,0
114,000000000000000000000010010000000000000100000000010000000000010000000110000000000,7,(2 4) (2 7) (4 3) (5 4) (6 7) (7 6) (7 7),E6C4-V,654,21.8160,0,0,0,0,0,0,0,0,0,0,0,0,0,0,0,0,0,0,0,0,0,0,1,0,0,1,0,0,0,0,0,0,0,0,0,0,0,0,0,1,0,0,0,0,0,0,0,0,0,1,0,0,0,0,0,0,0,0,0,0,0,1,0,0,0,0,0,0,0,1,1,0,0,0,0,0,0,0,0,0,0
115,000000011000000000000010000000000001000100000100100000000000000010000000000000001,9,(0 7) (0 8) (2 4) (3 8) (4 3) (5 0) (5 3) (7 1) (8 8),E6C4-V,762,25.4159,0,0,0,0,0,0,0,1,1,0,0,0,0,0,0,0,0,0,0,0,0,0,1,0,0,0,0,0,0,0,0,0,0,0,0,1,0,0,0,1,0,0,0,0,0,1,0,0,1,0,0,0,0,0,0,0,0,0,0,0,0,0,0,0,1,0,0,0,0,0,0,0,0,0,0,0,0,0,0,0,1
116,110100000000000000000000000000001000000001000000000000100000011000000001101001110,14,(0 0) (0 1) (0 3) (3 5) (4 5) (6 0) (6 7) (6 8) (7 8) (8 0) (8 2) (8 5) (8 6) (8 7),E6C4-V,768,25.6159,1,1,0,1,0,0,0,0,0,0,0,0,0,0,0,0,0,0,0,0,0,0,0,0,0,0,0,0,0,0,0,0,1,0,0,0,0,0,0,0,0,1,0,0,0,0,0,0,0,0,0,0,0,0,1,0,0,0,0,0,0,1,1,0,0,0,0,0,0,0,0,1,1,0,1,0,0,1,1,1,0
117,000000000011000000100000000100010000001010100000000000100000000010000100001000000,12,(1 1) (1 2) (2 0) (3 0) (3 4) (4 2) (4 4) (4 6) (6 0) (7 1) (7 6) (8 2),E6C4-13,415,13.8416,0,0,0,0,0,0,0,0,0,0,1,1,0,0,0,0,0,0,1,0,0,0,0,0,0,0,0,1,0,0,0,1,0,0,0,0,0,0,1,0,1,0,1,0,0,0,0,0,0,0,0,0,0,0,1,0,0,0,0,0,0,0,0,0,1,0,0,0,0,1,0,0,0,0,1,0,0,0,0,0,0
118,000000000000000001000000000000000000000000000000101001000000000000000110000100000,7,(1 8) (5 3) (5 5) (5 8) (7 6) (7 7) (8 3),E6C4-13,420,14.0082,0,0,0,0,0,0,0,0,0,0,0,0,0,0,0,0,0,1,0,0,0,0,0,0,0,0,0,0,0,0,0,0,0,0,0,0,0,0,0,0,0,0,0,0,0,0,0,0,1,0,1,0,0,1,0,0,0,0,0,0,0,0,0,0,0,0,0,0,0,1,1,0,0,0,0,1,0,0,0,0,0
119,000000000001000100000000010000110000001000000100000001000000000011000000100000001,12,(1 2) (1 6) (2 7) (3 3) (3 4) (4 2) (5 0) (5 8) (7 1) (7 2) (8 0) (8 8),E6C4-13,424,14.1415,0,0,0,0,0,0,0,0,0,0,0,1,0,0,0,1,0,0,0,0,0,0,0,0,0,1,0,0,0,0,1,1,0,0,0,0,0,0,1,0,0,0,0,0,0,1,0,0,0,0,0,0,0,1,0,0,0,0,0,0,0,0,0,0,1,1,0,0,0,0,0,0,1,0,0,0,0,0,0,0,1
120,000100000100000000000010000000100000000010000000100000000000010000000000100001000,9,(0 3) (1 0) (2 4) (3 3) (4 4) (5 3) (6 7) (8 0) (8 5),E6C4-13,429,14.3082,0,0,0,1,0,0,0,0,0,1,0,0,0,0,0,0,0,0,0,0,0,0,1,0,0,0,0,0,0,0,1,0,0,0,0,0,0,0,0,0,1,0,0,0,0,0,0,0,1,0,0,0,0,0,0,0,0,0,0,0,0,1,0,0,0,0,0,0,0,0,0,0,1,0,0,0,0,1,0,0,0
121,000000000101000000010000001100110000000000000100001000000000000100000000000000000,10,(1 0) (1 2) (2 1) (2 8) (3 0) (3 3) (3 4) (5 0) (5 5) (7 0),E6C4-13,430,14.3415,0,0,0,0,0,0,0,0,0,1,0,1,0,0,0,0,0,0,0,1,0,0,0,0,0,0,1,1,0,0,1,1,0,0,0,0,0,0,0,0,0,0,0,0,0,1,0,0,0,0,1,0,0,0,0,0,0,0,0,0,0,0,0,1,0,0,0,0,0,0,0,0,0,0,0,0,0,0,0,0,0
122,000000000000000000100010001000000000000000000000000000000000001001000010000000010,7,(2 0) (2 4) (2 8) (6 8) (7 2) (7 7) (8 7),E6C4-13,439,14.6415,0,0,0,0,0,0,0,0,0,0,0,0,0,0,0,0,0,0,1,0,0,0,1,0,0,0,1,0,0,0,0,0,0,0,0,0,0,0,0,0,0,0,0,0,0,0,0,0,0,0,0,0,0,0,0,0,0,0,0,0,0,0,1,0,0,1,0,0,0,0,1,0,0,0,0,0,0,0,0,1,0
123,000000000000000010000000000000000000000000000000000000010000000000000000100000000,3,(1 7) (6 1) (8 0),E6C4-13,444,14.8082,0,0,0,0,0,0,0,0,0,0,0,0,0,0,0,0,1,0,0,0,0,0,0,0,0,0,0,0,0,0,0,0,0,0,0,0,0,0,0,0,0,0,0,0,0,0,0,0,0,0,0,0,0,0,0,1,0,0,0,0,0,0,0,0,0,0,0,0,0,0,0,0,1,0,0,0,0,0,0,0,0
124,000100000100000000000000000000100001000010000000000000010010000000000000010000000,8,(0 3) (1 0) (3 3) (3 8) (4 4) (6 1) (6 4) (8 1),E6C4-13,445,14.8415,0,0,0,1,0,0,0,0,0,1,0,0,0,0,0,0,0,0,0,0,0,0,0,0,0,0,0,0,0,0,1,0,0,0,0,1,0,0,0,0,1,0,0,0,0,0,0,0,0,0,0,0,0,0,0,1,0,0,1,0,0,0,0,0,0,0,0,0,0,0,0,0,0,1,0,0,0,0,0,0,0
125,000001000000000010000000000000000000001010000000010000000010000100000000000000000,7,(0 5) (1 7) (4 2) (4 4) (5 4) (6 4) (7 0),E6C4-13,450,15.0082,0,0,0,0,0,1,0,0,0,0,0,0,0,0,0,0,1,0,0,0,0,0,0,0,0,0,0,0,0,0,0,0,0,0,0,0,0,0,1,0,1,0,0,0,0,0,0,0,0,1,0,0,0,0,0,0,0,0,1,0,0,0,0,1,0,0,0,0,0,0,0,0,0,0,0,0,0,0,0,0,0
126,000000000000000000000000000000000000001000000000100000000000000001000010001000100,6,(4 2) (5 3) (7 2) (7 7) (8 2) (8 6),E6C4-13,455,15.1748,0,0,0,0,0,0,0,0,0,0,0,0,0,0,0,0,0,0,0,0,0,0,0,0,0,0,0,0,0,0,0,0,0,0,0,0,0,0,1,0,0,0,0,0,0,0,0,0,1,0,0,0,0,0,0,0,0,0,0,0,0,0,0,0,0,1,0,0,0,0,1,0,0,0,1,0,0,0,1,0,0
127,000000000000000000000000001000000001000111000000000000100000000000000000000100000,7,(2 8) (3 8) (4 3) (4 4) (4 5) (6 0) (8 3),E6C4-16,491,16.3626,0,0,0,0,0,0,0,0,0,0,0,0,0,0,0,0,0,0,0,0,0,0,0,0,0,0,1,0,0,0,0,0,0,0,0,1,0,0,0,1,1,1,0,0,0,0,0,0,0,0,0,0,0,0,1,0,0,0,0,0,0,0,0,0,0,0,0,0,0,0,0,0,0,0,0,1,0,0,0,0,0
128,110000000101000000010000000000000000000000000000010000000010000001000000000000000,8,(0 0) (0 1) (1 0) (1 2) (2 1) (5 4) (6 4) (7 2),E6C4-16,496,16.5292,1,1,0,0,0,0,0,0,0,1,0,1,0,0,0,0,0,0,0,1,0,0,0,0,0,0,0,0,0,0,0,0,0,0,0,0,0,0,0,0,0,0,0,0,0,0,0,0,0,1,0,0,0,0,0,0,0,0,1,0,0,0,0,0,0,1,0,0,0,0,0,0,0,0,0,0,0,0,0,0,0
129,000000000001000100000000010000110000001000000100101001000000000011000110100100001,17,(1 2) (1 6) (2 7) (3 3) (3 4) (4 2) (5 0) (5 3) (5 5) (5 8) (7 1) (7 2) (7 6) (7 7) (8 0) (8 3) (8 8),E6C4-16,514,17.1292,0,0,0,0,0,0,0,0,0,0,0,1,0,0,0,1,0,0,0,0,0,0,0,0,0,1,0,0,0,0,1,1,0,0,0,0,0,0,1,0,0,0,0,0,0,1,0,0,1,0,1,0,0,1,0,0,0,0,0,0,0,0,0,0,1,1,0,0,0,1,1,0,1,0,0,1,0,0,0,0,1
130,000001000001000000010000100100000000000000100100000000000000000000000001000000001,9,(0 5) (1 2) (2 1) (2 6) (3 0) (4 6) (5 0) (7 8) (8 8),E6C4-17,887,29.5810,0,0,0,0,0,1,0,0,0,0,0,1,0,0,0,0,0,0,0,1,0,0,0,0,1,0,0,1,0,0,0,0,0,0,0,0,0,0,0,0,0,0,1,0,0,1,0,0,0,0,0,0,0,0,0,0,0,0,0,0,0,0,0,0,0,0,0,0,0,0,0,1,0,0,0,0,0,0,0,0,1
131,100000000000000000000000000000000000000001000100000000000000000010000000000001011,7,(0 0) (4 5) (5 0) (7 1) (8 5) (8 7) (8 8),E6C4-17,893,29.7810,1,0,0,0,0,0,0,0,0,0,0,0,0,0,0,0,0,0,0,0,0,0,0,0,0,0,0,0,0,0,0,0,0,0,0,0,0,0,0,0,0,1,0,0,0,1,0,0,0,0,0,0,0,0,0,0,0,0,0,0,0,0,0,0,1,0,0,0,0,0,0,0,0,0,0,0,0,1,0,1,1
132,000001000010000000010000000000000000001010000100000000000000000000000010000100001,9,(0 5) (1 1) (2 1) (4 2) (4 4) (5 0) (7 7) (8 3) (8 8),E6C4-17,899,29.9810,0,0,0,0,0,1,0,0,0,0,1,0,0,0,0,0,0,0,0,1,0,0,0,0,0,0,0,0,0,0,0,0,0,0,0,0,0,0,1,0,1,0,0,0,0,1,0,0,0,0,0,0,0,0,0,0,0,0,0,0,0,0,0,0,0,0,0,0,0,0,1,0,0,0,0,1,0,0,0,0,1
133,100000100001000000000000000000010000001000000000001000000000000100000000010100000,9,(0 0) (0 6) (1 2) (3 4) (4 2) (5 5) (7 0) (8 1) (8 3),E6C4-1G,919,30.6260,1,0,0,0,0,0,1,0,0,0,0,1,0,0,0,0,0,0,0,0,0,0,0,0,0,0,0,0,0,0,0,1,0,0,0,0,0,0,1,0,0,0,0,0,0,0,0,0,0,0,1,0,0,0,0,0,0,0,0,0,0,0,0,1,0,0,0,0,0,0,0,0,0,1,0,1,0,0,0,0,0
134,110000000000000000000000001000000001000111000000000000100000000000000000000100000,9,(0 0) (0 1) (2 8) (3 8) (4 3) (4 4) (4 5) (6 0) (8 3),E6C4-2T,865,28.8174,1,1,0,0,0,0,0,0,0,0,0,0,0,0,0,0,0,0,0,0,0,0,0,0,0,0,1,0,0,0,0,0,0,0,0,1,0,0,0,1,1,1,0,0,0,0,0,0,0,0,0,0,0,0,1,0,0,0,0,0,0,0,0,0,0,0,0,0,0,0,0,0,0,0,0,1,0,0,0,0,0
135,000000000001000000000010000100000001000000000000000000000000000001000000010001000,7,(1 2) (2 4) (3 0) (3 8) (7 2) (8 1) (8 5),E6C4-35,249,8.3036,0,0,0,0,0,0,0,0,0,0,0,1,0,0,0,0,0,0,0,0,0,0,1,0,0,0,0,1,0,0,0,0,0,0,0,1,0,0,0,0,0,0,0,0,0,0,0,0,0,0,0,0,0,0,0,0,0,0,0,0,0,0,0,0,0,1,0,0,0,0,0,0,0,1,0,0,0,1,0,0,0
136,000000000100000000110010001100000000000000000000000000100000000000000001100001100,11,(1 0) (2 0) (2 1) (2 4) (2 8) (3 0) (6 0) (7 8) (8 0) (8 5) (8 6),E6C4-35,255,8.5036,0,0,0,0,0,0,0,0,0,1,0,0,0,0,0,0,0,0,1,1,0,0,1,0,0,0,1,1,0,0,0,0,0,0,0,0,0,0,0,0,0,0,0,0,0,0,0,0,0,0,0,0,0,0,1,0,0,0,0,0,0,0,0,0,0,0,0,0,0,0,0,1,1,0,0,0,0,1,1,0,0
137,000001000001000010000000001000101001000010000000000000000000000010000100000000101,12,(0 5) (1 2) (1 7) (2 8) (3 3) (3 5) (3 8) (4 4) (7 1) (7 6) (8 6) (8 8),E6C4-35,261,8.7036,0,0,0,0,0,1,0,0,0,0,0,1,0,0,0,0,1,0,0,0,0,0,0,0,0,0,1,0,0,0,1,0,1,0,0,1,0,0,0,0,1,0,0,0,0,0,0,0,0,0,0,0,0,0,0,0,0,0,0,0,0,0,0,0,1,0,0,0,0,1,0,0,0,0,0,0,0,0,1,0,1
138,000000000000000010000000000000000000000010000100100000000000000000000010000000000,5,(1 7) (4 4) (5 0) (5 3) (7 7),E6C4-35,268,8.9370,0,0,0,0,0,0,0,0,0,0,0,0,0,0,0,0,1,0,0,0,0,0,0,0,0,0,0,0,0,0,0,0,0,0,0,0,0,0,0,0,1,0,0,0,0,1,0,0,1,0,0,0,0,0,0,0,0,0,0,0,0,0,0,0,0,0,0,0,0,0,1,0,0,0,0,0,0,0,0,0,0
139,000100100000000000000000000000011000000110000000000000100000000000000000000000100,8,(0 3) (0 6) (3 4) (3 5) (4 3) (4 4) (6 0) (8 6),E6C4-35,272,9.0703,0,0,0,1,0,0,1,0,0,0,0,0,0,0,0,0,0,0,0,0,0,0,0,0,0,0,0,0,0,0,0,1,1,0,0,0,0,0,0,1,1,0,0,0,0,0,0,0,0,0,0,0,0,0,1,0,0,0,0,0,0,0,0,0,0,0,0,0,0,0,0,0,0,0,0,0,0,0,1,0,0
140,010000001000000000010010000000001000000010000001001000100000010001000000000000000,11,(0 1) (0 8) (2 1) (2 4) (3 5) (4 4) (5 2) (5 5) (6 0) (6 7) (7 2),E6C4-35,280,9.3370,0,1,0,0,0,0,0,0,1,0,0,0,0,0,0,0,0,0,0,1,0,0,1,0,0,0,0,0,0,0,0,0,1,0,0,0,0,0,0,0,1,0,0,0,0,0,0,1,0,0,1,0,0,0,1,0,0,0,0,0,0,1,0,0,0,1,0,0,0,0,0,0,0,0,0,0,0,0,0,0,0
141,000000001000000010000010000000000000000010000100000000100000000000000000001000000,7,(0 8) (1 7) (2 4) (4 4) (5 0) (6 0) (8 2),E6C4-35,286,9.5370,0,0,0,0,0,0,0,0,1,0,0,0,0,0,0,0,1,0,0,0,0,0,1,0,0,0,0,0,0,0,0,0,0,0,0,0,0,0,0,0,1,0,0,0,0,1,0,0,0,0,0,0,0,0,1,0,0,0,0,0,0,0,0,0,0,0,0,0,0,0,0,0,0,0,1,0,0,0,0,0,0
142,000000000000000010010010001100000000000000100000011000000000001000000100000000000,10,(1 7) (2 1) (2 4) (2 8) (3 0) (4 6) (5 4) (5 5) (6 8) (7 6),E6C4-35,292,9.7370,0,0,0,0,0,0,0,0,0,0,0,0,0,0,0,0,1,0,0,1,0,0,1,0,0,0,1,1,0,0,0,0,0,0,0,0,0,0,0,0,0,0,1,0,0,0,0,0,0,1,1,0,0,0,0,0,0,0,0,0,0,0,1,0,0,0,0,0,0,1,0,0,0,0,0,0,0,0,0,0,0
143,000000000100000110000000000000100000001000000000010000100000000110000101100000101,14,(1 0) (1 6) (1 7) (3 3) (4 2) (5 4) (6 0) (7 0) (7 1) (7 6) (7 8) (8 0) (8 6) (8 8),E6C4-35,298,9.9369,0,0,0,0,0,0,0,0,0,1,0,0,0,0,0,1,1,0,0,0,0,0,0,0,0,0,0,0,0,0,1,0,0,0,0,0,0,0,1,0,0,0,0,0,0,0,0,0,0,1,0,0,0,0,1,0,0,0,0,0,0,0,0,1,1,0,0,0,0,1,0,1,1,0,0,0,0,0,1,0,1
144,000000000000000100010000000100010000001000100000000000010000000010000000010000010,10,(1 6) (2 1) (3 0) (3 4) (4 2) (4 6) (6 1) (7 1) (8 1) (8 7),E6C4-35,303,10.1036,0,0,0,0,0,0,0,0,0,0,0,0,0,0,0,1,0,0,0,1,0,0,0,0,0,0,0,1,0,0,0,1,0,0,0,0,0,0,1,0,0,0,1,0,0,0,0,0,0,0,0,0,0,0,0,1,0,0,0,0,0,0,0,0,1,0,0,0,0,0,0,0,0,1,0,0,0,0,0,1,0
145,000000000000000000100010000000100000000000000000000000010000001100000001100000100,9,(2 0) (2 4) (3 3) (6 1) (6 8) (7 0) (7 8) (8 0) (8 6),E6C4-35,310,10.3369,0,0,0,0,0,0,0,0,0,0,0,0,0,0,0,0,0,0,1,0,0,0,1,0,0,0,0,0,0,0,1,0,0,0,0,0,0,0,0,0,0,0,0,0,0,0,0,0,0,0,0,0,0,0,0,1,0,0,0,0,0,0,1,1,0,0,0,0,0,0,0,1,1,0,0,0,0,0,1,0,0
146,010000001000000000010010000000001000000010000000101000100000010001000000000000000,11,(0 1) (0 8) (2 1) (2 4) (3 5) (4 4) (5 3) (5 5) (6 0) (6 7) (7 2),Youtube_1,95,3.1794,0,1,0,0,0,0,0,0,1,0,0,0,0,0,0,0,0,0,0,1,0,0,1,0,0,0,0,0,0,0,0,0,1,0,0,0,0,0,0,0,1,0,0,0,0,0,0,0,1,0,1,0,0,0,1,0,0,0,0,0,0,1,0,0,0,1,0,0,0,0,0,0,0,0,0,0,0,0,0,0,0