broadcast,track,n_glyphs,duration_s,phrase_sequence,raw_glyph_ids
E6C2-N,Main,34,6.30,H횞2 E횞7 B E횞4 B횞13 <27> J <29> J L횞2 <33>,#1 #2 #3 #4 #5 #6 #7 #7 #8 #9 #10 #11 #12 #13 #14 #15 #16 #17 #18 #19 #20 #21 #22 #23 #24 #25 #26 #27 #28 #29 #30 #31 #32 #33
E6C2-11,Main,32,5.99,<34> <35> H횞2 E횞6 B E횞4 B횞13 <27> J <36> J,#34 #35 #1 #2 #3 #4 #5 #6 #7 #8 #9 #10 #11 #12 #13 #14 #15 #16 #17 #18 #19 #20 #21 #22 #23 #24 #25 #26 #27 #28 #36 #30
E6C2-1K,Side,30,5.67,D G횞2 <40> D횞10 <51> <52> <53> C횞2 <56> C횞10,#37 #38 #39 #40 #41 #42 #43 #44 #45 #46 #47 #48 #49 #50 #51 #52 #53 #54 #55 #56 #57 #58 #59 #60 #61 #62 #63 #64 #65 #66
E6C2-1N,Main,29,5.60,K횞2 H횞2 E횞6 B E횞4 B횞13 <27>,#67 #68 #1 #2 #3 #4 #5 #6 #7 #8 #9 #10 #11 #12 #13 #14 #15 #16 #17 #18 #19 #20 #21 #22 #23 #24 #25 #26 #27
E6C3-2,Main,29,5.40,K <34> K H횞2 E횞6 B E횞4 B횞13,#67 #34 #68 #1 #2 #3 #4 #5 #6 #7 #8 #9 #10 #11 #12 #13 #14 #15 #16 #17 #18 #19 #20 #21 #22 #23 #24 #25 #26
E6C3-9,Main,36,6.83,K <34> K H횞2 E횞6 B E횞4 B횞13 <27> J <36> J L횞2 <33>,#67 #34 #68 #1 #2 #3 #4 #5 #6 #7 #8 #9 #10 #11 #12 #13 #14 #15 #16 #17 #18 #19 #20 #21 #22 #23 #24 #25 #26 #27 #28 #36 #30 #31 #32 #33
E6C3-18,Sparse,35,6.63,<69> <70> <71> <72> <73> <74> <75> <76> <77> <78> <79> <80> <81> A횞2 <84> <85> A횞18,#69 #70 #71 #72 #73 #74 #75 #76 #77 #78 #79 #80 #81 #82 #83 #84 #85 #86 #87 #88 #89 #90 #91 #92 #93 #94 #95 #96 #97 #98 #99 #100 #101 #102 #103
E6C3-1L,Main,30,5.43,<104> <105> <106> <107> <108> B횞2 <109> <110> <111> <112> B횞13 <27> J <36> J L횞2,#104 #105 #106 #107 #108 #9 #9 #109 #110 #111 #112 #14 #15 #16 #17 #18 #19 #20 #21 #22 #23 #24 #25 #26 #27 #28 #36 #30 #31 #32
E6C4-V,Sparse,24,4.40,A횞2 <114> <115> A횞18 <116> <117>,#82 #83 #114 #115 #86 #87 #88 #89 #90 #91 #92 #93 #94 #95 #96 #97 #98 #99 #100 #101 #102 #103 #116 #117
E6C4-13,Side,25,4.07,I횞2 <120> F횞3 <124> <125> <126> <127> <113> D <40> D횞10 <51> <52>,#118 #119 #120 #121 #122 #123 #124 #125 #126 #127 #113 #37 #40 #41 #42 #43 #44 #45 #46 #47 #48 #49 #50 #51 #52
E6C4-16,Side,31,7.23,<128> <129> I횞2 <130> <120> F횞3 <124> <125> <126> <127> <113> D G횞2 <40> D횞10 <51> <52> <53>,#128 #129 #118 #119 #130 #120 #121 #122 #123 #124 #125 #126 #127 #113 #37 #38 #39 #40 #41 #42 #43 #44 #45 #46 #47 #48 #49 #50 #51 #52 #53
E6C4-17,Side,19,3.27,<125> <125> <126> <127> <113> D <131> <132> <133> D횞10,#125 #125 #126 #127 #113 #37 #131 #132 #133 #41 #42 #43 #44 #45 #46 #47 #48 #49 #50
E6C4-18,Side,23,4.03,F횞3 <124> <125> <125> <126> <127> <113> D G횞2 <40> D횞10,#121 #122 #123 #124 #125 #125 #126 #127 #113 #37 #38 #39 #40 #41 #42 #43 #44 #45 #46 #47 #48 #49 #50
E6C4-19,Side,20,3.80,<124> <125> <126> <127> <113> D G횞2 <40> D횞10 <51>,#124 #125 #126 #127 #113 #37 #38 #39 #40 #41 #42 #43 #44 #45 #46 #47 #48 #49 #50 #51
E6C4-1G,Side,26,4.83,I횞2 <120> F횞3 <124> <125> <126> <127> <113> D G횞2 <40> D횞10 <134>,#118 #119 #120 #121 #122 #123 #124 #125 #126 #127 #113 #37 #38 #39 #40 #41 #42 #43 #44 #45 #46 #47 #48 #49 #50 #134
E6C4-1H,Side,24,4.47,<120> F횞3 <124> <125> <126> <127> <113> D G횞2 <40> D횞10 <51>,#120 #121 #122 #123 #124 #125 #126 #127 #113 #37 #38 #39 #40 #41 #42 #43 #44 #45 #46 #47 #48 #49 #50 #51
E6C4-2T,Side,28,5.23,<135> <129> I횞2 <120> F횞4 <124> <125> <127> <113> D G횞2 <40> D횞10 <51>,#135 #129 #118 #119 #120 #121 #122 #123 #123 #124 #125 #127 #113 #37 #38 #39 #40 #41 #42 #43 #44 #45 #46 #47 #48 #49 #50 #51
E6C4-30,Side,29,5.23,<135> <129> I횞3 <120> F횞3 <124> <125> <126> <127> <113> D G횞2 <40> D횞10 <51>,#135 #129 #118 #119 #119 #120 #121 #122 #123 #124 #125 #126 #127 #113 #37 #38 #39 #40 #41 #42 #43 #44 #45 #46 #47 #48 #49 #50 #51
E6C4-35,Bridge,48,9.43,<126> <127> <113> D G횞2 <40> D횞10 <51> <52> <53> C횞12 <136> <137> <138> <139> <140> <141> <142> <143> <144> <145> <146> K <34> K H횞2,#126 #127 #113 #37 #38 #39 #40 #41 #42 #43 #44 #45 #46 #47 #48 #49 #50 #51 #52 #53 #54 #55 #57 #58 #59 #60 #61 #62 #63 #64 #65 #66 #136 #137 #138 #139 #140 #141 #142 #143 #144 #145 #146 #67 #34 #68 #1 #2
E6C5-N,Side,16,2.83,<113> D G횞2 <40> D횞10 <51>,#113 #37 #38 #39 #40 #41 #42 #43 #44 #45 #46 #47 #48 #49 #50 #51
